{
  "total_dialogs": 258353,
  "avg_turns": 5.8703595468215966,
  "avg_user_msg_length": 41.41201611447084,
  "avg_assistant_msg_length": 89.97900673808971,
  "topic_distribution": {
    "婚恋": 55111,
    "情绪": 31796,
    "人际": 29887,
    "家庭": 25611,
    "治疗": 24622,
    "成长": 24190,
    "行为": 20960,
    "自我": 20017,
    "社会": 9757,
    "职场": 9174,
    "心理学知识": 6063,
    "未明确": 993,
    "性心理": 172
  },
  "turn_distribution": {
    "0": 48,
    "1": 6304,
    "2": 346,
    "3": 1986,
    "4": 16351,
    "5": 68626,
    "6": 92957,
    "7": 47545,
    "8": 16211,
    "9": 5472,
    "10": 2082,
    "11": 334,
    "12": 65,
    "13": 11,
    "14": 10,
    "15": 1,
    "16": 2,
    "17": 1,
    "23": 1
  }
}